{
  "cv_f1_weighted_mean": 0.9963724115730234,
  "cv_f1_weighted_std": 0.0018164755624742238,
  "train_accuracy": 0.9995466908431551,
  "classification_report": {
    "CRITICAL": {
      "precision": 1.0,
      "recall": 1.0,
      "f1-score": 1.0,
      "support": 520.0
    },
    "MONITOR": {
      "precision": 1.0,
      "recall": 0.9980119284294234,
      "f1-score": 0.9990049751243781,
      "support": 503.0
    },
    "SAFE": {
      "precision": 1.0,
      "recall": 1.0,
      "f1-score": 1.0,
      "support": 656.0
    },
    "URGENT": {
      "precision": 0.9981060606060606,
      "recall": 1.0,
      "f1-score": 0.9990521327014218,
      "support": 527.0
    },
    "accuracy": 0.9995466908431551,
    "macro avg": {
      "precision": 0.9995265151515151,
      "recall": 0.9995029821073559,
      "f1-score": 0.9995142769564499,
      "support": 2206.0
    },
    "weighted avg": {
      "precision": 0.9995475493832249,
      "recall": 0.9995466908431551,
      "f1-score": 0.9995466801546743,
      "support": 2206.0
    }
  },
  "classes": [
    "CRITICAL",
    "MONITOR",
    "SAFE",
    "URGENT"
  ],
  "n_samples": 2206
}